S1	E1	S2	E2	Reference	Contig	IDY	Ambiguous	Best_group
574587	575791	5267	4063	U00096.3	NODE_1_length_5250291_cov_26.025866	99.67		True
relocation, inconsistency = 274859
297209	297611	7384	7787	U00096.3	NODE_1_length_5250291_cov_26.025866	96.04		True
relocation, inconsistency = -4059
297715	302375	11950	16610	U00096.3	NODE_1_length_5250291_cov_26.025866	98.39		True
relocation, inconsistency = -1261
302373	313807	17869	29294	U00096.3	NODE_1_length_5250291_cov_26.025866	97.35		True
relocation, inconsistency = -6330
313807	315232	35624	37050	U00096.3	NODE_1_length_5250291_cov_26.025866	96.22		True
relocation, inconsistency = -2452
316532	317400	40802	41669	U00096.3	NODE_1_length_5250291_cov_26.025866	96.89		True
local misassembly
317439	339739	42395	64698	U00096.3	NODE_1_length_5250291_cov_26.025866	96.87		True
local misassembly
340128	342568	64761	67202	U00096.3	NODE_1_length_5250291_cov_26.025866	95.5		True
relocation, inconsistency = -5101
342726	354769	72461	84600	U00096.3	NODE_1_length_5250291_cov_26.025866	96.6		True
local misassembly
354637	374962	85032	105146	U00096.3	NODE_1_length_5250291_cov_26.025866	96.6		True
local misassembly
375365	381253	105147	110933	U00096.3	NODE_1_length_5250291_cov_26.025866	95.96		True
relocation, inconsistency = 1336
382590	388646	110934	116983	U00096.3	NODE_1_length_5250291_cov_26.025866	95.51		True
relocation, inconsistency = 1326
392967	424332	119978	151412	U00096.3	NODE_1_length_5250291_cov_26.025866	97.0		True
relocation, inconsistency = -1674
424343	437100	153097	165841	U00096.3	NODE_1_length_5250291_cov_26.025866	96.07		True
relocation, inconsistency = -1922
437165	508166	167828	238434	U00096.3	NODE_1_length_5250291_cov_26.025866	97.7		True
local misassembly
508837	513896	238475	243535	U00096.3	NODE_1_length_5250291_cov_26.025866	97.21		True
relocation, inconsistency = -29166
514429	522822	273234	281627	U00096.3	NODE_1_length_5250291_cov_26.025866	98.2		True
relocation, inconsistency = 6697
530137	539162	282245	291271	U00096.3	NODE_1_length_5250291_cov_26.025866	97.29		True
relocation, inconsistency = 254987
273955	275149	292466	291272	U00096.3	NODE_1_length_5250291_cov_26.025866	99.67		True
relocation, inconsistency = 264009
539159	566073	292467	319222	U00096.3	NODE_1_length_5250291_cov_26.025866	97.11		True
relocation, inconsistency = -1357
566072	566377	320578	320883	U00096.3	NODE_1_length_5250291_cov_26.025866	97.71		True
relocation, inconsistency = -6771
566376	566769	327653	328046	U00096.3	NODE_1_length_5250291_cov_26.025866	95.69		True
relocation, inconsistency = 1261
568034	568204	328050	328220	U00096.3	NODE_1_length_5250291_cov_26.025866	96.49		True
local misassembly
572328	574570	332237	334479	U00096.3	NODE_1_length_5250291_cov_26.025866	98.35		True
relocation, inconsistency = 1214
576302	578351	334997	337047	U00096.3	NODE_1_length_5250291_cov_26.025866	95.19		True
relocation, inconsistency = 1710134
2288917	2290113	337479	338675	U00096.3	NODE_1_length_5250291_cov_26.025866	99.67		True
relocation, inconsistency = -1709613
580501	581655	338676	339830	U00096.3	NODE_1_length_5250291_cov_26.025866	98.61		True
relocation, inconsistency = -20369
583025	593320	361569	371864	U00096.3	NODE_1_length_5250291_cov_26.025866	98.59		True
relocation, inconsistency = 3028405
3624233	3625525	375664	374372	U00096.3	NODE_1_length_5250291_cov_26.025866	97.06		True
relocation, inconsistency = -2151
3624259	3625521	377789	376527	U00096.3	NODE_1_length_5250291_cov_26.025866	96.91		True
relocation, inconsistency = 3011403
593347	608010	382635	397161	U00096.3	NODE_1_length_5250291_cov_26.025866	96.49		True
local misassembly
607621	607998	397275	397651	U00096.3	NODE_1_length_5250291_cov_26.025866	98.46		True
relocation, inconsistency = 1349
609348	636600	397652	424688	U00096.3	NODE_1_length_5250291_cov_26.025866	95.77		True
local misassembly
637290	641869	425378	429882	U00096.3	NODE_1_length_5250291_cov_26.025866	95.45		True
relocation, inconsistency = 1334
643500	687851	430179	474534	U00096.3	NODE_1_length_5250291_cov_26.025866	97.95		True
relocation, inconsistency = 1199
689051	715907	474535	501688	U00096.3	NODE_1_length_5250291_cov_26.025866	95.52		True
relocation, inconsistency = 5038
721058	729394	501801	510137	U00096.3	NODE_1_length_5250291_cov_26.025866	97.25		True
relocation, inconsistency = 8012
753170	765148	525901	537928	U00096.3	NODE_1_length_5250291_cov_26.025866	98.11		True
relocation, inconsistency = -8037
771199	815525	552016	596223	U00096.3	NODE_1_length_5250291_cov_26.025866	96.93		True
indel: indel (> 5bp)
815752	820899	596405	601552	U00096.3	NODE_1_length_5250291_cov_26.025866	97.36		True
local misassembly
821226	841238	601555	621571	U00096.3	NODE_1_length_5250291_cov_26.025866	97.46		True
relocation, inconsistency = 3662186
4503425	4503515	621662	621572	U00096.3	NODE_1_length_5250291_cov_26.025866	98.9		True
local misassembly
4502091	4503433	623707	622365	U00096.3	NODE_1_length_5250291_cov_26.025866	100.0		True
relocation, inconsistency = 3644539
841226	857551	623708	640032	U00096.3	NODE_1_length_5250291_cov_26.025866	98.19		True
relocation, inconsistency = -4986
857809	876662	645276	664129	U00096.3	NODE_1_length_5250291_cov_26.025866	97.93		True
local misassembly
876705	899635	665126	688046	U00096.3	NODE_1_length_5250291_cov_26.025866	98.04		True
relocation, inconsistency = -3308
899843	904419	691562	696073	U00096.3	NODE_1_length_5250291_cov_26.025866	95.41		True
relocation, inconsistency = -2502
904538	925781	698694	719925	U00096.3	NODE_1_length_5250291_cov_26.025866	97.78		True
local misassembly
925838	948755	720458	743495	U00096.3	NODE_1_length_5250291_cov_26.025866	97.75		True
relocation, inconsistency = 1471
950291	993236	743560	786334	U00096.3	NODE_1_length_5250291_cov_26.025866	97.64		True
relocation, inconsistency = -1599
993317	997574	788014	792272	U00096.3	NODE_1_length_5250291_cov_26.025866	95.87		True
relocation, inconsistency = 7019
1004693	1041906	792372	829584	U00096.3	NODE_1_length_5250291_cov_26.025866	98.27		True
relocation, inconsistency = 9048
1050972	1080807	829602	859201	U00096.3	NODE_1_length_5250291_cov_26.025866	96.79		True
relocation, inconsistency = -2139
1081228	1086099	861761	866638	U00096.3	NODE_1_length_5250291_cov_26.025866	97.11		True
relocation, inconsistency = 10143
1097480	1141065	867876	911427	U00096.3	NODE_1_length_5250291_cov_26.025866	97.91		True
local misassembly
1141129	1153230	912308	924408	U00096.3	NODE_1_length_5250291_cov_26.025866	98.75		True
local misassembly
1153234	1183642	925124	955547	U00096.3	NODE_1_length_5250291_cov_26.025866	97.75		True
relocation, inconsistency = -648584
581659	583053	1002148	1003544	U00096.3	NODE_1_length_5250291_cov_26.025866	97.92		True
relocation, inconsistency = 600238
1183629	1196374	1003882	1016627	U00096.3	NODE_1_length_5250291_cov_26.025866	98.14		True
relocation, inconsistency = -633136
566072	566377	1019461	1019766	U00096.3	NODE_1_length_5250291_cov_26.025866	97.39		True
relocation, inconsistency = -3020
573296	574158	1029705	1030567	U00096.3	NODE_1_length_5250291_cov_26.025866	97.91		True
local misassembly
577554	578859	1033949	1035254	U00096.3	NODE_1_length_5250291_cov_26.025866	95.25		True
local misassembly
580243	581655	1035640	1037052	U00096.3	NODE_1_length_5250291_cov_26.025866	98.44		True
relocation, inconsistency = 280059
273955	275149	1063281	1062087	U00096.3	NODE_1_length_5250291_cov_26.025866	99.67		True
relocation, inconsistency = 935171
1211419	1240187	1064380	1093161	U00096.3	NODE_1_length_5250291_cov_26.025866	97.69		True
relocation, inconsistency = -1868
1240276	1245055	1095118	1099896	U00096.3	NODE_1_length_5250291_cov_26.025866	97.41		True
relocation, inconsistency = -6108
1245737	1270085	1106686	1131108	U00096.3	NODE_1_length_5250291_cov_26.025866	97.77		True
local misassembly
1270620	1292420	1131109	1152437	U00096.3	NODE_1_length_5250291_cov_26.025866	95.94		True
local misassembly
1292418	1294416	1153147	1155145	U00096.3	NODE_1_length_5250291_cov_26.025866	97.85		True
relocation, inconsistency = 3207672
4502090	4503480	1155147	1156537	U00096.3	NODE_1_length_5250291_cov_26.025866	100.0		True
relocation, inconsistency = -3208110
1295371	1299494	1156538	1160662	U00096.3	NODE_1_length_5250291_cov_26.025866	98.79		True
relocation, inconsistency = 1199
1300694	1314567	1160663	1174537	U00096.3	NODE_1_length_5250291_cov_26.025866	98.62		True
relocation, inconsistency = 331240
1649070	1650844	1179574	1177800	U00096.3	NODE_1_length_5250291_cov_26.025866	96.57		True
relocation, inconsistency = -2635
1645031	1645284	1186248	1185995	U00096.3	NODE_1_length_5250291_cov_26.025866	98.82		True
relocation, inconsistency = 1027488
581659	583053	1220738	1222134	U00096.3	NODE_1_length_5250291_cov_26.025866	98.14		True
relocation, inconsistency = 729962
1314533	1370003	1223652	1279021	U00096.3	NODE_1_length_5250291_cov_26.025866	97.25		True
relocation, inconsistency = 13995
1384104	1390724	1279127	1285747	U00096.3	NODE_1_length_5250291_cov_26.025866	97.19		True
local misassembly
1390724	1396039	1286412	1291727	U00096.3	NODE_1_length_5250291_cov_26.025866	98.42		True
relocation, inconsistency = 1199
1397239	1411924	1291728	1306414	U00096.3	NODE_1_length_5250291_cov_26.025866	98.32		True
relocation, inconsistency = 23060
1434985	1446028	1306415	1317452	U00096.3	NODE_1_length_5250291_cov_26.025866	97.77		True
relocation, inconsistency = 21565
1472913	1487020	1322772	1336878	U00096.3	NODE_1_length_5250291_cov_26.025866	96.21		True
relocation, inconsistency = -1014
1487165	1503160	1338037	1354025	U00096.3	NODE_1_length_5250291_cov_26.025866	97.88		True
relocation, inconsistency = 1748
1504909	1517003	1354026	1366120	U00096.3	NODE_1_length_5250291_cov_26.025866	97.26		True
relocation, inconsistency = -1337
1517023	1526853	1367477	1377307	U00096.3	NODE_1_length_5250291_cov_26.025866	97.24		True
relocation, inconsistency = -794286
737509	737965	1382249	1382705	U00096.3	NODE_1_length_5250291_cov_26.025866	96.94		True
relocation, inconsistency = 791840
1534942	1545438	1387842	1398343	U00096.3	NODE_1_length_5250291_cov_26.025866	96.26		True
local misassembly
1545434	1545753	1398991	1399310	U00096.3	NODE_1_length_5250291_cov_26.025866	97.19		True
relocation, inconsistency = -1547
1545751	1590079	1400855	1445334	U00096.3	NODE_1_length_5250291_cov_26.025866	96.5		True
relocation, inconsistency = -11079
1590750	1611892	1457084	1478194	U00096.3	NODE_1_length_5250291_cov_26.025866	97.34		True
local misassembly
1611893	1624712	1478693	1491513	U00096.3	NODE_1_length_5250291_cov_26.025866	97.78		True
local misassembly
1625212	1635025	1491538	1501353	U00096.3	NODE_1_length_5250291_cov_26.025866	98.11		True
relocation, inconsistency = 192950
1431767	1432086	1501848	1501529	U00096.3	NODE_1_length_5250291_cov_26.025866	97.5		True
local misassembly
1428795	1430472	1504382	1502705	U00096.3	NODE_1_length_5250291_cov_26.025866	96.96		True
relocation, inconsistency = 186710
1637329	1645288	1524529	1532490	U00096.3	NODE_1_length_5250291_cov_26.025866	99.51		True
relocation, inconsistency = -2228
1647357	1647742	1536787	1537172	U00096.3	NODE_1_length_5250291_cov_26.025866	98.19		True
local misassembly
1648437	1648762	1537884	1538209	U00096.3	NODE_1_length_5250291_cov_26.025866	99.69		True
local misassembly
1649234	1649634	1538799	1539199	U00096.3	NODE_1_length_5250291_cov_26.025866	98.75		True
relocation, inconsistency = -1375680
273955	275149	1539200	1540394	U00096.3	NODE_1_length_5250291_cov_26.025866	99.67		True
relocation, inconsistency = 1374481
1649631	1650844	1540395	1541609	U00096.3	NODE_1_length_5250291_cov_26.025866	98.93		True
relocation, inconsistency = -1480
1651549	1686724	1543794	1578968	U00096.3	NODE_1_length_5250291_cov_26.025866	98.3		True
relocation, inconsistency = 2815364
4502090	4503515	1580394	1578969	U00096.3	NODE_1_length_5250291_cov_26.025866	100.0		True
relocation, inconsistency = 2685968
1686712	1816121	1580395	1709475	U00096.3	NODE_1_length_5250291_cov_26.025866	97.91		True
local misassembly
1816384	1843693	1709527	1736836	U00096.3	NODE_1_length_5250291_cov_26.025866	97.45		True
relocation, inconsistency = 1214
1845168	1883151	1737097	1775083	U00096.3	NODE_1_length_5250291_cov_26.025866	98.12		True
local misassembly
1883151	1928924	1775308	1821079	U00096.3	NODE_1_length_5250291_cov_26.025866	98.24		True
relocation, inconsistency = -1763
1928925	1961798	1822843	1855464	U00096.3	NODE_1_length_5250291_cov_26.025866	97.09		True
local misassembly
1962584	1978494	1855518	1871429	U00096.3	NODE_1_length_5250291_cov_26.025866	98.03		True
local misassembly
1979271	2001894	1871430	1894054	U00096.3	NODE_1_length_5250291_cov_26.025866	98.33		True
local misassembly
2005327	2010247	1897314	1902234	U00096.3	NODE_1_length_5250291_cov_26.025866	97.42		True
relocation, inconsistency = 501388
1503278	1503938	1902895	1902235	U00096.3	NODE_1_length_5250291_cov_26.025866	95.03		True
relocation, inconsistency = 506244
2012563	2034143	1905276	1926868	U00096.3	NODE_1_length_5250291_cov_26.025866	98.36		True
local misassembly
2035229	2044625	1927877	1937264	U00096.3	NODE_1_length_5250291_cov_26.025866	98.56		True
relocation, inconsistency = -27161
2049238	2049712	1969038	1969511	U00096.3	NODE_1_length_5250291_cov_26.025866	95.37		True
local misassembly
2052131	2066158	1971184	1985212	U00096.3	NODE_1_length_5250291_cov_26.025866	97.57		True
relocation, inconsistency = 1199
2067358	2068222	1985213	1986077	U00096.3	NODE_1_length_5250291_cov_26.025866	99.42		True
relocation, inconsistency = 1684768
381885	382589	1986782	1986078	U00096.3	NODE_1_length_5250291_cov_26.025866	99.72		True
relocation, inconsistency = 1676928
2070659	2071213	1997924	1998478	U00096.3	NODE_1_length_5250291_cov_26.025866	97.84		True
local misassembly
2071473	2076299	1998783	2003607	U00096.3	NODE_1_length_5250291_cov_26.025866	96.46		True
relocation, inconsistency = -3370
2076302	2101269	2006980	2031949	U00096.3	NODE_1_length_5250291_cov_26.025866	97.79		True
relocation, inconsistency = -2081844
19796	20566	2032320	2033090	U00096.3	NODE_1_length_5250291_cov_26.025866	99.87		True
relocation, inconsistency = 2084103
2114488	2139486	2042909	2068201	U00096.3	NODE_1_length_5250291_cov_26.025866	96.0		True
local misassembly
2139760	2143214	2068947	2072401	U00096.3	NODE_1_length_5250291_cov_26.025866	98.44		True
relocation, inconsistency = -715616
1427599	1428794	2072402	2073597	U00096.3	NODE_1_length_5250291_cov_26.025866	99.58		True
relocation, inconsistency = 714416
2143211	2150934	2073598	2081318	U00096.3	NODE_1_length_5250291_cov_26.025866	96.38		True
local misassembly
2151727	2167200	2081376	2096848	U00096.3	NODE_1_length_5250291_cov_26.025866	98.57		True
local misassembly
2167830	2170167	2096849	2099186	U00096.3	NODE_1_length_5250291_cov_26.025866	99.87		True
relocation, inconsistency = 1261
2171429	2196640	2099187	2124319	U00096.3	NODE_1_length_5250291_cov_26.025866	97.0		True
relocation, inconsistency = 2303485
4502088	4503515	2126282	2127709	U00096.3	NODE_1_length_5250291_cov_26.025866	100.0		True
relocation, inconsistency = -2309564
2204307	2288918	2138065	2222536	U00096.3	NODE_1_length_5250291_cov_26.025866	97.31		True
relocation, inconsistency = 1199
2290118	2304425	2222537	2236668	U00096.3	NODE_1_length_5250291_cov_26.025866	96.93		True
local misassembly
2304991	2349658	2236669	2281229	U00096.3	NODE_1_length_5250291_cov_26.025866	97.1		True
relocation, inconsistency = -3594
2349902	2360090	2285067	2295326	U00096.3	NODE_1_length_5250291_cov_26.025866	95.87		True
relocation, inconsistency = 844993
1503156	1504908	2297079	2295327	U00096.3	NODE_1_length_5250291_cov_26.025866	97.95		True
relocation, inconsistency = 857535
2362444	2384034	2297080	2318670	U00096.3	NODE_1_length_5250291_cov_26.025866	97.36		True
relocation, inconsistency = 1546
2385904	2387438	2318994	2320528	U00096.3	NODE_1_length_5250291_cov_26.025866	96.68		True
relocation, inconsistency = 2543
2390000	2449147	2320547	2379712	U00096.3	NODE_1_length_5250291_cov_26.025866	97.85		True
local misassembly
2456334	2466383	2386951	2397187	U00096.3	NODE_1_length_5250291_cov_26.025866	95.25		True
relocation, inconsistency = 7014
2478973	2514276	2402763	2438064	U00096.3	NODE_1_length_5250291_cov_26.025866	97.4		True
relocation, inconsistency = 1349
2515626	2521359	2438065	2443796	U00096.3	NODE_1_length_5250291_cov_26.025866	97.83		True
relocation, inconsistency = 4150
2525929	2537704	2444216	2456002	U00096.3	NODE_1_length_5250291_cov_26.025866	98.46		True
local misassembly
2538671	2543650	2456010	2460988	U00096.3	NODE_1_length_5250291_cov_26.025866	95.96		True
indel: indel (> 5bp)
2543783	2549427	2460989	2466628	U00096.3	NODE_1_length_5250291_cov_26.025866	96.21		True
indel: indel (> 5bp)
2549608	2558690	2466629	2475711	U00096.3	NODE_1_length_5250291_cov_26.025866	96.88		True
relocation, inconsistency = 6790
2565481	2630884	2475712	2541408	U00096.3	NODE_1_length_5250291_cov_26.025866	97.23		True
local misassembly
2630904	2630972	2542139	2542207	U00096.3	NODE_1_length_5250291_cov_26.025866	100.0		True
relocation, inconsistency = -38904
2630956	2635296	2581095	2585435	U00096.3	NODE_1_length_5250291_cov_26.025866	96.48		True
relocation, inconsistency = -11644
2635892	2714366	2597675	2675995	U00096.3	NODE_1_length_5250291_cov_26.025866	97.23		True
relocation, inconsistency = -1436
2714363	2755957	2677428	2718978	U00096.3	NODE_1_length_5250291_cov_26.025866	97.63		True
relocation, inconsistency = 572796
2101749	2102943	2758796	2757602	U00096.3	NODE_1_length_5250291_cov_26.025866	99.67		True
relocation, inconsistency = 685847
2788791	2794015	2758797	2764021	U00096.3	NODE_1_length_5250291_cov_26.025866	95.89		True
local misassembly
2794179	2800530	2764258	2770608	U00096.3	NODE_1_length_5250291_cov_26.025866	97.58		True
relocation, inconsistency = -1871
2800618	2808124	2772567	2780075	U00096.3	NODE_1_length_5250291_cov_26.025866	97.4		True
local misassembly
2808224	2856417	2780436	2828626	U00096.3	NODE_1_length_5250291_cov_26.025866	97.59		True
local misassembly
2856496	2859656	2829171	2832331	U00096.3	NODE_1_length_5250291_cov_26.025866	96.39		True
relocation, inconsistency = 2272
2866513	2877910	2836916	2848190	U00096.3	NODE_1_length_5250291_cov_26.025866	97.11		True
local misassembly
2887311	2904041	2858171	2874899	U00096.3	NODE_1_length_5250291_cov_26.025866	96.98		True
local misassembly
2904379	2905503	2875420	2876544	U00096.3	NODE_1_length_5250291_cov_26.025866	97.87		True
relocation, inconsistency = -2591
2906530	2910719	2880162	2884350	U00096.3	NODE_1_length_5250291_cov_26.025866	98.43		True
local misassembly
2911417	2990492	2884412	2963600	U00096.3	NODE_1_length_5250291_cov_26.025866	97.96		True
relocation, inconsistency = -15857
2997692	3045094	2986657	3034014	U00096.3	NODE_1_length_5250291_cov_26.025866	97.61		True
local misassembly
3046122	3059573	3034141	3047592	U00096.3	NODE_1_length_5250291_cov_26.025866	97.76		True
relocation, inconsistency = -2989
3059700	3068802	3050708	3059811	U00096.3	NODE_1_length_5250291_cov_26.025866	98.53		True
relocation, inconsistency = -1077
3068962	3073892	3061048	3065977	U00096.3	NODE_1_length_5250291_cov_26.025866	98.93		True
relocation, inconsistency = -3135
3074226	3079408	3069446	3074628	U00096.3	NODE_1_length_5250291_cov_26.025866	96.7		True
relocation, inconsistency = -1365
3079643	3082669	3076228	3079254	U00096.3	NODE_1_length_5250291_cov_26.025866	97.62		True
relocation, inconsistency = -1592
3082876	3083874	3081053	3082051	U00096.3	NODE_1_length_5250291_cov_26.025866	96.8		True
local misassembly
3083939	3098357	3082990	3097352	U00096.3	NODE_1_length_5250291_cov_26.025866	96.95		True
relocation, inconsistency = -3049
3098558	3110441	3100602	3112479	U00096.3	NODE_1_length_5250291_cov_26.025866	97.99		True
relocation, inconsistency = -141087
2996361	2997691	3139486	3140815	U00096.3	NODE_1_length_5250291_cov_26.025866	96.84		True
relocation, inconsistency = -966720
2072468	2076299	3182312	3186143	U00096.3	NODE_1_length_5250291_cov_26.025866	96.25		True
relocation, inconsistency = -3533
2076302	2077040	3189679	3190417	U00096.3	NODE_1_length_5250291_cov_26.025866	97.02		True
relocation, inconsistency = 997107
3112091	3130145	3228361	3246348	U00096.3	NODE_1_length_5250291_cov_26.025866	95.53		True
relocation, inconsistency = -7212
3131344	3150548	3254759	3274075	U00096.3	NODE_1_length_5250291_cov_26.025866	97.44		True
local misassembly
3150547	3181577	3274785	3305824	U00096.3	NODE_1_length_5250291_cov_26.025866	99.63		True
relocation, inconsistency = -3661
3181623	3185039	3309531	3312947	U00096.3	NODE_1_length_5250291_cov_26.025866	98.1		True
relocation, inconsistency = 6565
3191767	3231242	3313110	3352438	U00096.3	NODE_1_length_5250291_cov_26.025866	96.88		True
local misassembly
3231545	3239538	3352486	3360471	U00096.3	NODE_1_length_5250291_cov_26.025866	96.27		True
local misassembly
3239759	3269659	3360909	3390808	U00096.3	NODE_1_length_5250291_cov_26.025866	97.65		True
local misassembly
3270177	3281076	3390820	3401719	U00096.3	NODE_1_length_5250291_cov_26.025866	98.3		True
relocation, inconsistency = -2305
3281071	3286994	3404019	3409941	U00096.3	NODE_1_length_5250291_cov_26.025866	96.96		True
relocation, inconsistency = 5385
3292479	3296983	3410041	3414545	U00096.3	NODE_1_length_5250291_cov_26.025866	97.76		True
indel: indel (> 5bp)
3297104	3304451	3414674	3422021	U00096.3	NODE_1_length_5250291_cov_26.025866	97.21		True
relocation, inconsistency = -1328
3304572	3360618	3423470	3479375	U00096.3	NODE_1_length_5250291_cov_26.025866	98.14		True
relocation, inconsistency = 7027
3367778	3392122	3479508	3503848	U00096.3	NODE_1_length_5250291_cov_26.025866	98.11		True
local misassembly
3392397	3404637	3503849	3516002	U00096.3	NODE_1_length_5250291_cov_26.025866	97.77		True
local misassembly
3404739	3453454	3516859	3565417	U00096.3	NODE_1_length_5250291_cov_26.025866	98.27		True
relocation, inconsistency = 15106
3470093	3499663	3566950	3596525	U00096.3	NODE_1_length_5250291_cov_26.025866	98.26		True
relocation, inconsistency = 5213
3504934	3543924	3596583	3635444	U00096.3	NODE_1_length_5250291_cov_26.025866	97.07		True
local misassembly
3543969	3563693	3635695	3655366	U00096.3	NODE_1_length_5250291_cov_26.025866	96.62		True
relocation, inconsistency = -7569
3564131	3583418	3663373	3682660	U00096.3	NODE_1_length_5250291_cov_26.025866	98.21		True
local misassembly
3584196	3608644	3682661	3707124	U00096.3	NODE_1_length_5250291_cov_26.025866	96.82		True
local misassembly
3608764	3612910	3707698	3711844	U00096.3	NODE_1_length_5250291_cov_26.025866	97.76		True
relocation, inconsistency = -15355
3612949	3618987	3727238	3733275	U00096.3	NODE_1_length_5250291_cov_26.025866	96.47		True
local misassembly
3625609	3648784	3739096	3762080	U00096.3	NODE_1_length_5250291_cov_26.025866	95.82		True
relocation, inconsistency = -2168
3648934	3650750	3764398	3766212	U00096.3	NODE_1_length_5250291_cov_26.025866	95.77		True
local misassembly
3653231	3655213	3768987	3770963	U00096.3	NODE_1_length_5250291_cov_26.025866	96.72		True
relocation, inconsistency = -9023
3655250	3674370	3780023	3799133	U00096.3	NODE_1_length_5250291_cov_26.025866	98.13		True
indel: indel (> 5bp)
3674533	3680335	3799277	3805079	U00096.3	NODE_1_length_5250291_cov_26.025866	97.69		True
relocation, inconsistency = -1578780
2101745	2102947	3805269	3806471	U00096.3	NODE_1_length_5250291_cov_26.025866	99.67		True
relocation, inconsistency = 1575273
3680443	3700287	3808694	3828535	U00096.3	NODE_1_length_5250291_cov_26.025866	97.9		True
local misassembly
3699896	3708308	3828627	3836882	U00096.3	NODE_1_length_5250291_cov_26.025866	95.78		True
relocation, inconsistency = -1270
3708527	3720632	3838371	3850477	U00096.3	NODE_1_length_5250291_cov_26.025866	97.63		True
relocation, inconsistency = 1405
3722077	3750916	3850517	3879163	U00096.3	NODE_1_length_5250291_cov_26.025866	96.42		True
relocation, inconsistency = -1218
3754929	3761992	3884394	3891493	U00096.3	NODE_1_length_5250291_cov_26.025866	96.18		True
relocation, inconsistency = 8217
3770242	3777028	3891526	3898310	U00096.3	NODE_1_length_5250291_cov_26.025866	97.36		True
relocation, inconsistency = -6566
3777080	3781020	3904928	3908861	U00096.3	NODE_1_length_5250291_cov_26.025866	95.18		True
indel: indel (> 5bp)
3781146	3781712	3908862	3909428	U00096.3	NODE_1_length_5250291_cov_26.025866	97.18		True
relocation, inconsistency = -1435
3781710	3796859	3910861	3926012	U00096.3	NODE_1_length_5250291_cov_26.025866	97.49		True
relocation, inconsistency = 2979
3807992	3833397	3934166	3959445	U00096.3	NODE_1_length_5250291_cov_26.025866	96.82		True
relocation, inconsistency = 668688
4502090	4503515	3960871	3959446	U00096.3	NODE_1_length_5250291_cov_26.025866	100.0		True
relocation, inconsistency = 661583
3833386	3840506	3960872	3967981	U00096.3	NODE_1_length_5250291_cov_26.025866	96.24		True
relocation, inconsistency = -16001
3840558	3841833	3984034	3985309	U00096.3	NODE_1_length_5250291_cov_26.025866	98.67		True
local misassembly
3841875	3845734	3986149	3990008	U00096.3	NODE_1_length_5250291_cov_26.025866	98.13		True
local misassembly
3845732	3850791	3990718	3995773	U00096.3	NODE_1_length_5250291_cov_26.025866	97.33		True
relocation, inconsistency = -3395
3850802	3861394	3999179	4009771	U00096.3	NODE_1_length_5250291_cov_26.025866	98.54		True
local misassembly
3861387	3875478	4010272	4024363	U00096.3	NODE_1_length_5250291_cov_26.025866	97.76		True
local misassembly
3876138	3896862	4025021	4045747	U00096.3	NODE_1_length_5250291_cov_26.025866	97.71		True
relocation, inconsistency = 1989
3906875	3911630	4053771	4058435	U00096.3	NODE_1_length_5250291_cov_26.025866	95.75		True
relocation, inconsistency = -5221
3911837	3959829	4063863	4111755	U00096.3	NODE_1_length_5250291_cov_26.025866	97.89		True
local misassembly
3960674	4000163	4111823	4151312	U00096.3	NODE_1_length_5250291_cov_26.025866	97.04		True
local misassembly
4000292	4061521	4152324	4213039	U00096.3	NODE_1_length_5250291_cov_26.025866	97.1		True
relocation, inconsistency = -1261
4061519	4078913	4214298	4231630	U00096.3	NODE_1_length_5250291_cov_26.025866	96.17		True
relocation, inconsistency = -2049
4078913	4086945	4233679	4241583	U00096.3	NODE_1_length_5250291_cov_26.025866	95.73		True
local misassembly
4087424	4088032	4241584	4242193	U00096.3	NODE_1_length_5250291_cov_26.025866	96.12		True
relocation, inconsistency = 3598
4094693	4106390	4245256	4256952	U00096.3	NODE_1_length_5250291_cov_26.025866	97.87		True
relocation, inconsistency = 1894828
2167304	2167808	4289513	4289009	U00096.3	NODE_1_length_5250291_cov_26.025866	97.43		True
relocation, inconsistency = 1938422
4106344	4118756	4289627	4302039	U00096.3	NODE_1_length_5250291_cov_26.025866	98.49		True
relocation, inconsistency = -1437
4118847	4132268	4303567	4316864	U00096.3	NODE_1_length_5250291_cov_26.025866	96.6		True
relocation, inconsistency = -2813
4132466	4137773	4319875	4325182	U00096.3	NODE_1_length_5250291_cov_26.025866	97.16		True
indel: indel (> 5bp)
4137897	4153344	4325362	4340821	U00096.3	NODE_1_length_5250291_cov_26.025866	97.72		True
indel: indel (> 5bp)
4153694	4202044	4340985	4388959	U00096.3	NODE_1_length_5250291_cov_26.025866	97.68		True
local misassembly
4202526	4213164	4389420	4400061	U00096.3	NODE_1_length_5250291_cov_26.025866	98.22		True
local misassembly
4213685	4230223	4400344	4416747	U00096.3	NODE_1_length_5250291_cov_26.025866	96.21		True
relocation, inconsistency = -6231
4230319	4240733	4423074	4433268	U00096.3	NODE_1_length_5250291_cov_26.025866	95.38		True
relocation, inconsistency = 1797
4242531	4306759	4433269	4497512	U00096.3	NODE_1_length_5250291_cov_26.025866	96.25		True
relocation, inconsistency = 6632
4313662	4314229	4497783	4498350	U00096.3	NODE_1_length_5250291_cov_26.025866	97.89		True
indel: indel (> 5bp)
4314342	4325805	4498351	4509762	U00096.3	NODE_1_length_5250291_cov_26.025866	95.42		True
local misassembly
4326306	4385304	4509763	4568452	U00096.3	NODE_1_length_5250291_cov_26.025866	98.07		True
local misassembly
4386047	4427988	4568640	4610617	U00096.3	NODE_1_length_5250291_cov_26.025866	97.25		True
relocation, inconsistency = -2924827
1503162	1504908	4610618	4612364	U00096.3	NODE_1_length_5250291_cov_26.025866	97.83		True
relocation, inconsistency = 2923079
4427991	4431248	4612368	4615625	U00096.3	NODE_1_length_5250291_cov_26.025866	98.16		True
relocation, inconsistency = -2806
4431320	4437491	4618503	4624674	U00096.3	NODE_1_length_5250291_cov_26.025866	97.47		True
relocation, inconsistency = 1220
4438724	4448397	4624687	4634343	U00096.3	NODE_1_length_5250291_cov_26.025866	97.9		True
local misassembly
4449048	4476900	4634486	4662377	U00096.3	NODE_1_length_5250291_cov_26.025866	96.33		True
local misassembly
4477182	4498181	4662599	4683596	U00096.3	NODE_1_length_5250291_cov_26.025866	98.13		True
relocation, inconsistency = 1336
4499518	4500425	4683597	4684504	U00096.3	NODE_1_length_5250291_cov_26.025866	100.0		True
relocation, inconsistency = -2135
4500422	4507458	4686636	4693672	U00096.3	NODE_1_length_5250291_cov_26.025866	99.99		True
relocation, inconsistency = 1430
4509007	4509797	4693791	4694582	U00096.3	NODE_1_length_5250291_cov_26.025866	96.72		True
relocation, inconsistency = -5792
4507459	4519239	4698036	4709816	U00096.3	NODE_1_length_5250291_cov_26.025866	99.96		True
relocation, inconsistency = -2461864
2070659	2071213	4723100	4723654	U00096.3	NODE_1_length_5250291_cov_26.025866	95.86		True
local misassembly
2071473	2074658	4723960	4727143	U00096.3	NODE_1_length_5250291_cov_26.025866	95.01		True
local misassembly
2076302	2077038	4729200	4729936	U00096.3	NODE_1_length_5250291_cov_26.025866	97.15		True
relocation, inconsistency = 2436636
4519240	4536149	4735502	4752411	U00096.3	NODE_1_length_5250291_cov_26.025866	99.98		True
relocation, inconsistency = -3140106
1396044	1397237	4752412	4753605	U00096.3	NODE_1_length_5250291_cov_26.025866	99.67		True
relocation, inconsistency = 3138907
4536145	4573922	4753606	4791383	U00096.3	NODE_1_length_5250291_cov_26.025866	99.96		True
relocation, inconsistency = -3022
4573918	4576067	4794401	4796550	U00096.3	NODE_1_length_5250291_cov_26.025866	99.95		True
relocation, inconsistency = -2184
4576066	4591294	4798733	4813961	U00096.3	NODE_1_length_5250291_cov_26.025866	98.72		True
relocation, inconsistency = -11311
4591596	4621677	4825574	4855975	U00096.3	NODE_1_length_5250291_cov_26.025866	96.99		True
relocation, inconsistency = 1056
4623111	4628691	4856353	4861923	U00096.3	NODE_1_length_5250291_cov_26.025866	96.58		True
relocation, inconsistency = -3979
4628830	4641652	4866041	4878713	U00096.3	NODE_1_length_5250291_cov_26.025866	97.34		True
fake: not a misassembly [linear representation of circular genome]
1	15390	4878714	4894101	U00096.3	NODE_1_length_5250291_cov_26.025866	98.5		True
relocation, inconsistency = 1349
16740	19795	4894102	4897157	U00096.3	NODE_1_length_5250291_cov_26.025866	98.31		True
relocation, inconsistency = -5736
20564	75645	4903662	4958763	U00096.3	NODE_1_length_5250291_cov_26.025866	97.1		True
local misassembly
78885	147718	4962325	5030787	U00096.3	NODE_1_length_5250291_cov_26.025866	97.17		True
local misassembly
156797	156893	5039557	5039653	U00096.3	NODE_1_length_5250291_cov_26.025866	96.91		True
local misassembly
157311	168490	5040050	5051127	U00096.3	NODE_1_length_5250291_cov_26.025866	96.12		True
local misassembly
168885	184236	5051537	5066730	U00096.3	NODE_1_length_5250291_cov_26.025866	96.33		True
local misassembly
185088	231966	5066867	5113569	U00096.3	NODE_1_length_5250291_cov_26.025866	97.98		True
local misassembly
231961	237989	5113784	5119811	U00096.3	NODE_1_length_5250291_cov_26.025866	97.03		True
relocation, inconsistency = 3359126
3624259	3625320	5146955	5148015	U00096.3	NODE_1_length_5250291_cov_26.025866	96.33		True
relocation, inconsistency = -3203
3624234	3625524	5150132	5151422	U00096.3	NODE_1_length_5250291_cov_26.025866	96.9		True
relocation, inconsistency = -3387569
239360	245945	5152827	5159412	U00096.3	NODE_1_length_5250291_cov_26.025866	97.56		True
relocation, inconsistency = -37001
250059	253333	5200527	5203801	U00096.3	NODE_1_length_5250291_cov_26.025866	96.64		True
local misassembly
253677	254190	5205045	5205558	U00096.3	NODE_1_length_5250291_cov_26.025866	95.72		True
local misassembly
254256	257899	5206445	5210088	U00096.3	NODE_1_length_5250291_cov_26.025866	98.38		True
local misassembly
258676	262956	5210089	5214369	U00096.3	NODE_1_length_5250291_cov_26.025866	97.59		True
relocation, inconsistency = 2209271
2473585	2476215	5218357	5215727	U00096.3	NODE_1_length_5250291_cov_26.025866	96.66		True
relocation, inconsistency = 1266738
1203267	1204402	5220801	5221930	U00096.3	NODE_1_length_5250291_cov_26.025866	96.66		True
relocation, inconsistency = 1267722
2472125	2473586	5223392	5221931	U00096.3	NODE_1_length_5250291_cov_26.025866	97.67		True
relocation, inconsistency = 1257205
1204401	1206138	5232174	5233911	U00096.3	NODE_1_length_5250291_cov_26.025866	97.07		True
relocation, inconsistency = -12663
1206135	1207805	5246571	5248241	U00096.3	NODE_1_length_5250291_cov_26.025866	98.03		True
CONTIG	NODE_1_length_5250291_cov_26.025866	5250291	misassembled
CONTIG	NODE_2_length_77328_cov_10.798079	77328	unaligned
1427597	1427826	59263	59492	U00096.3	NODE_3_length_59492_cov_11.191710	98.26		True
CONTIG	NODE_3_length_59492_cov_11.191710	59492	correct_unaligned
CONTIG	NODE_4_length_34280_cov_19.939623	34280	unaligned
1468712	1469242	13723	14252	U00096.3	NODE_5_length_17402_cov_11.837002	96.42		True
CONTIG	NODE_5_length_17402_cov_11.837002	17402	correct_unaligned
272191	273954	2741	978	U00096.3	NODE_6_length_5670_cov_10.505471	99.72		True
CONTIG	NODE_6_length_5670_cov_10.505471	5670	correct_unaligned
CONTIG	NODE_7_length_654_cov_7.236136	654	unaligned
CONTIG	NODE_8_length_651_cov_7.940647	651	unaligned
